source_key,known_local_filename,canonical_filename,qc_status
SRC-001,Peptide Protocol Dr. Seeds(1).pdf,Seeds_Peptide_Protocols_Vol_1.pdf,usable
SRC-002,904653287-James-B-LaValle-Gordon-Crozier-Joseph-P-Cleaver-Andrew-Heym-Peptide-Handbook-a-Professional-s-Guide-to-Peptide-Therapeutics-2022-Interactive.pdf,LaValle_Peptide_Handbook_2022.pdf,usable
SRC-003,Peptide book(1).pdf,Campbell_Optimize_Your_Health_with_Therapeutic_Peptides.pdf,usable
SRC-004,Peptide cheat sheet 1(1).pdf,Campbell_Peptide_Cheat_Sheet.pdf,usable
SRC-005,Peptide book 3(1).pdf,Hack_Smith_Complete_Guide_to_Peptides.pdf,usable
SRC-006,73671816-Synthetic-Peptides.pdf,Grant_Synthetic_Peptides_2e_2002.pdf,usable
SRC-007,1029470766-2015-Advances-Discovery-Development-Peptide-Therapeutics.pdf,Kruger_Albericio_Advances_Peptide_Therapeutics_2015.pdf,usable
SRC-008,1074265399-Read-Peptide-Synthesis-and-Applications-...pdf,Jensen_Peptide_Synthesis_and_Applications_2e.pdf,incomplete
SRC-009,1071771071-Pharmaceutical-Biotechnology-Fundamentals-and-Applications-6th-ebook-pdf.pdf,Crommelin_Pharmaceutical_Biotechnology_6e_2024.pdf,incomplete
SRC-010,1042230279-Peptide-based-Drug-Discovery-...pdf,Srivastava_Peptide_Based_Drug_Discovery_2017.pdf,incomplete
SRC-011,1010686727-Peptide-Characterization-and-Application-Protoc...pdf,Fields_Peptide_Characterization_and_Application_Protocols_2007.pdf,incomplete
SRC-012,185968952-Peptides-Biology-and-Chemistry.pdf,Xu_Ye_Tam_Peptides_Biology_and_Chemistry_2002.pdf,usable
SRC-013,88403241-Lyophilization-of-Biopharmaceuticals.pdf,Costantino_Pikal_Lyophilization_of_Biopharmaceuticals.pdf,replace
SRC-014,1047650095-Download-Ebook-Therapeutic-Peptides-and-Prote...pdf,Banga_Therapeutic_Peptides_and_Proteins_3e.pdf,replace
SRC-015,1047568316-Handbook-of-biologically-active-peptides-2nd-Edition-Ebook-PDF-download.pdf,Kastin_Handbook_Biologically_Active_Peptides_2e.pdf,replace
SRC-016,,,pending
